{
  "name": "BANNERS/ns0fASFiEY4FNcxx9opm",
  "bucket": "e-commerce-14d5c.firebasestorage.app",
  "metageneration": 1,
  "generation": 1763619684588,
  "contentType": "image/webp",
  "storageClass": "STANDARD",
  "contentDisposition": "inline",
  "downloadTokens": [
    "723558f8-8729-4cb6-956f-5ce2b83a50c6"
  ],
  "etag": "BtslhLd7ri1VcR3RmRYMirfNIfM",
  "customMetadata": {},
  "timeCreated": "2025-11-20T06:21:24.588Z",
  "updated": "2025-11-20T06:21:24.588Z",
  "size": 39420,
  "md5Hash": "+5Bp3ONgZhgRIZJQAjbwmQ==",
  "crc32c": "1613662224"
}