{
  "name": "PRODUCTS/mMYEZmF9gWhVvyt7592H/images/1763725884842",
  "bucket": "e-commerce-14d5c.firebasestorage.app",
  "metageneration": 1,
  "generation": 1763725884905,
  "contentType": "image/png",
  "storageClass": "STANDARD",
  "contentDisposition": "inline",
  "downloadTokens": [
    "605f4169-40eb-4d06-90e2-c22380187272"
  ],
  "etag": "zMKTxmVtmrJFlGEMtH591H4WU8k",
  "customMetadata": {},
  "timeCreated": "2025-11-21T11:51:24.905Z",
  "updated": "2025-11-21T11:51:24.905Z",
  "size": 445145,
  "md5Hash": "NUPVCvw+IR7Z0v5gtRUh7g==",
  "crc32c": "3900398470"
}