{
  "name": "CATEGORIES/EjZe9POvIIBmc4vn2Dj1/category",
  "bucket": "e-commerce-14d5c.firebasestorage.app",
  "metageneration": 1,
  "generation": 1762866452043,
  "contentType": "image/webp",
  "storageClass": "STANDARD",
  "contentDisposition": "inline",
  "downloadTokens": [
    "3f5118f6-936c-4e9e-b899-f92b6337243b"
  ],
  "etag": "ZMdaghG4n5rlunHYSiYcA9u3Dfk",
  "customMetadata": {},
  "timeCreated": "2025-11-11T13:07:32.043Z",
  "updated": "2025-11-11T13:07:32.043Z",
  "size": 58558,
  "md5Hash": "hjnm9I8gUn+uAOcTtgw8Tg==",
  "crc32c": "777811810"
}