{
  "name": "CATEGORIES/1hyHDZ4GQvbn8eYZsmJ8/category",
  "bucket": "e-commerce-14d5c.firebasestorage.app",
  "metageneration": 1,
  "generation": 1762866564725,
  "contentType": "image/webp",
  "storageClass": "STANDARD",
  "contentDisposition": "inline",
  "downloadTokens": [
    "8576eb99-e5a1-44b8-804c-e35c6816dfd2"
  ],
  "etag": "cYgXvKQEwyw+1PwB1xLq8g7EmjE",
  "customMetadata": {},
  "timeCreated": "2025-11-11T13:09:24.725Z",
  "updated": "2025-11-11T13:09:24.725Z",
  "size": 15604,
  "md5Hash": "U2YuNBeTL2Vw6qnBYO8sbw==",
  "crc32c": "3585119306"
}