{
  "name": "ORDERS/proof-of-payment/1764077197955-1751992768326_my_signature.jpg",
  "bucket": "e-commerce-14d5c.firebasestorage.app",
  "metageneration": 1,
  "generation": 1764077198094,
  "contentType": "image/jpeg",
  "storageClass": "STANDARD",
  "contentDisposition": "inline",
  "downloadTokens": [
    "647effd1-7c24-4528-bd0f-d17d69d7f66e"
  ],
  "etag": "Z0DChEyIxPL533RAvEUrkD8wEcY",
  "customMetadata": {},
  "timeCreated": "2025-11-25T13:26:38.100Z",
  "updated": "2025-11-25T13:26:38.100Z",
  "size": 592850,
  "md5Hash": "710tSF+R6Cy17qvTYlSk+Q==",
  "crc32c": "1623622537"
}