{
  "name": "CATEGORIES/gIKoWyqJOAemXGjLUqc4/category",
  "bucket": "e-commerce-14d5c.firebasestorage.app",
  "metageneration": 1,
  "generation": 1762276550693,
  "contentType": "image/webp",
  "storageClass": "STANDARD",
  "contentDisposition": "inline",
  "downloadTokens": [
    "d7f46b93-b561-46b6-9829-5aff8f16cf23"
  ],
  "etag": "lrIZKU+m/GAg76zhD6ogfCFXE80",
  "customMetadata": {},
  "timeCreated": "2025-11-04T17:15:50.693Z",
  "updated": "2025-11-04T17:15:50.693Z",
  "size": 11094,
  "md5Hash": "pvD+RCOAfcILwkal+4JKbA==",
  "crc32c": "800755231"
}