{
  "name": "CATEGORIES/ihlK9EpHtu1eGXuTgYfc/category",
  "bucket": "e-commerce-14d5c.firebasestorage.app",
  "metageneration": 1,
  "generation": 1762866187405,
  "contentType": "image/webp",
  "storageClass": "STANDARD",
  "contentDisposition": "inline",
  "downloadTokens": [
    "f74c826b-9dd7-4554-9f62-6c0bdd11ecc2"
  ],
  "etag": "Vs66/d2UiTDOybdKg13G8zbt9qw",
  "customMetadata": {},
  "timeCreated": "2025-11-11T13:03:07.406Z",
  "updated": "2025-11-11T13:03:07.406Z",
  "size": 8252,
  "md5Hash": "FgF+ynlH21VC/QwLOzPg6A==",
  "crc32c": "2770574637"
}