{
  "name": "ORDERS/proof-of-payment/1764077266838-1751992768326_my_signature.jpg",
  "bucket": "e-commerce-14d5c.firebasestorage.app",
  "metageneration": 1,
  "generation": 1764077266888,
  "contentType": "image/jpeg",
  "storageClass": "STANDARD",
  "contentDisposition": "inline",
  "downloadTokens": [
    "635404bf-04ac-4625-94ff-2fb7a47fbad9"
  ],
  "etag": "/LCE5t1iykHjx/NVtqCHpvczdaI",
  "customMetadata": {},
  "timeCreated": "2025-11-25T13:27:46.888Z",
  "updated": "2025-11-25T13:27:46.888Z",
  "size": 592850,
  "md5Hash": "710tSF+R6Cy17qvTYlSk+Q==",
  "crc32c": "1623622537"
}