{
  "name": "CATEGORIES/WLDTMuTK0qwzrUTgNLPb/category",
  "bucket": "e-commerce-14d5c.firebasestorage.app",
  "metageneration": 1,
  "generation": 1762748465188,
  "contentType": "image/webp",
  "storageClass": "STANDARD",
  "contentDisposition": "inline",
  "downloadTokens": [
    "64544c3a-6ed8-4d2f-8b7c-3461379b0d5b"
  ],
  "etag": "eV+9nbEnJjm3ftde4EipsXdOp4A",
  "customMetadata": {},
  "timeCreated": "2025-11-10T04:21:05.189Z",
  "updated": "2025-11-10T04:21:05.189Z",
  "size": 58558,
  "md5Hash": "hjnm9I8gUn+uAOcTtgw8Tg==",
  "crc32c": "777811810"
}