{
  "name": "BANNERS/2cqmcgUPIh8OlfGqw3CT",
  "bucket": "e-commerce-14d5c.firebasestorage.app",
  "metageneration": 1,
  "generation": 1763620901090,
  "contentType": "image/png",
  "storageClass": "STANDARD",
  "contentDisposition": "inline",
  "downloadTokens": [
    "4ee081ff-57ec-49d1-b84d-76d170c48f66"
  ],
  "etag": "RnMC+4qbcE4Lk7hlLj8i/evd8IE",
  "customMetadata": {},
  "timeCreated": "2025-11-20T06:41:41.090Z",
  "updated": "2025-11-20T06:41:41.090Z",
  "size": 416808,
  "md5Hash": "zCsLEUM/pwvckzUm6WsIjw==",
  "crc32c": "2803285888"
}