{
  "name": "ORDERS/proof-of-payment/1763996822501-1751993345289_my_signature.jpg",
  "bucket": "e-commerce-14d5c.firebasestorage.app",
  "metageneration": 1,
  "generation": 1763996822738,
  "contentType": "image/jpeg",
  "storageClass": "STANDARD",
  "contentDisposition": "inline",
  "downloadTokens": [
    "ec1bb0a3-f767-4c71-b8f6-f9bf88e12699"
  ],
  "etag": "cwkEWZ6mHFrpH8+e4HzYqvP6rz0",
  "customMetadata": {},
  "timeCreated": "2025-11-24T15:07:02.746Z",
  "updated": "2025-11-24T15:07:02.746Z",
  "size": 592850,
  "md5Hash": "710tSF+R6Cy17qvTYlSk+Q==",
  "crc32c": "1623622537"
}