{
  "name": "CATEGORIES/gIKoWyqJOAemXGjLUqc4/bQwU4OUJJ91Jvjum8dmp",
  "bucket": "e-commerce-14d5c.firebasestorage.app",
  "metageneration": 1,
  "generation": 1762276795124,
  "contentType": "image/jpeg",
  "storageClass": "STANDARD",
  "contentDisposition": "inline",
  "downloadTokens": [
    "f30eaa18-ae43-48f2-9b5e-87a240133ce6"
  ],
  "etag": "IsSybiQAWq6A6NBAuspbgHsjLts",
  "customMetadata": {},
  "timeCreated": "2025-11-04T17:19:55.124Z",
  "updated": "2025-11-04T17:19:55.124Z",
  "size": 9236,
  "md5Hash": "8R7og42Uha0I5ydtCj89cg==",
  "crc32c": "4225317696"
}