{
  "name": "CATEGORIES/jye9SLkSRaz8NdNawiY0/category",
  "bucket": "e-commerce-14d5c.firebasestorage.app",
  "metageneration": 1,
  "generation": 1762866632935,
  "contentType": "image/webp",
  "storageClass": "STANDARD",
  "contentDisposition": "inline",
  "downloadTokens": [
    "afa39cd0-0925-4425-b88c-432442d98ef2"
  ],
  "etag": "H4wBihmWlfhCBo5Gnnb03nEGHLE",
  "customMetadata": {},
  "timeCreated": "2025-11-11T13:10:32.936Z",
  "updated": "2025-11-11T13:10:32.936Z",
  "size": 9338,
  "md5Hash": "hIDdgT9p6A7zPiXk0nxAIA==",
  "crc32c": "4217106507"
}