{
  "name": "PRODUCTS/JV73RoZqxszRuaCP2EFg/images/1763665839856",
  "bucket": "e-commerce-14d5c.firebasestorage.app",
  "metageneration": 1,
  "generation": 1763665840125,
  "contentType": "image/svg+xml",
  "storageClass": "STANDARD",
  "contentDisposition": "inline",
  "downloadTokens": [
    "691274a3-7261-4da8-a2f3-3d6ec7410181"
  ],
  "etag": "vdl+YaWX2XCyWsR3IYTaYpZc8ok",
  "customMetadata": {},
  "timeCreated": "2025-11-20T19:10:40.135Z",
  "updated": "2025-11-20T19:10:40.135Z",
  "size": 58594,
  "md5Hash": "eJjENhq2GRyYBTsrl4quhQ==",
  "crc32c": "3099024669"
}