{
  "name": "BANNERS/V1GmeUGqwUV0Mg3AZ3eA",
  "bucket": "e-commerce-14d5c.firebasestorage.app",
  "metageneration": 1,
  "generation": 1763620946337,
  "contentType": "image/webp",
  "storageClass": "STANDARD",
  "contentDisposition": "inline",
  "downloadTokens": [
    "1273c3a0-423b-44a7-9d26-1a0b7d188960"
  ],
  "etag": "AnUvarDJmaj9Qe8sCzBDzIFBSdY",
  "customMetadata": {},
  "timeCreated": "2025-11-20T06:42:26.337Z",
  "updated": "2025-11-20T06:42:26.337Z",
  "size": 37296,
  "md5Hash": "Eo5GytMdUrtf/2NjQstaGA==",
  "crc32c": "240549226"
}