{
  "name": "CATEGORIES/rRR6020gLpMf5YhnjaVQ/category",
  "bucket": "e-commerce-14d5c.firebasestorage.app",
  "metageneration": 1,
  "generation": 1762866598425,
  "contentType": "image/webp",
  "storageClass": "STANDARD",
  "contentDisposition": "inline",
  "downloadTokens": [
    "618e2afa-0210-4d21-a063-cf66891b6ef5"
  ],
  "etag": "2E091K14BSt+nWvNYkUwBDu0EYk",
  "customMetadata": {},
  "timeCreated": "2025-11-11T13:09:58.425Z",
  "updated": "2025-11-11T13:09:58.425Z",
  "size": 11804,
  "md5Hash": "/MlpYuV48d+V/l4nNIdapA==",
  "crc32c": "84194303"
}