{
  "name": "CATEGORIES/gIKoWyqJOAemXGjLUqc4/d1Dg9tOmf74Syzg8QzKN",
  "bucket": "e-commerce-14d5c.firebasestorage.app",
  "metageneration": 1,
  "generation": 1762278256048,
  "contentType": "image/webp",
  "storageClass": "STANDARD",
  "contentDisposition": "inline",
  "downloadTokens": [
    "3c9c1f16-43ed-4233-a1c1-1875a12907da"
  ],
  "etag": "4CEG1kQR0duafj8oNBXk/m64Aig",
  "customMetadata": {},
  "timeCreated": "2025-11-04T17:44:16.048Z",
  "updated": "2025-11-04T17:44:16.048Z",
  "size": 19626,
  "md5Hash": "04PysHT5WsG27ZzlxF0U6Q==",
  "crc32c": "3793494310"
}