{
  "name": "CATEGORIES/jNRpsRsWuK3jpPnpTRV5/category",
  "bucket": "e-commerce-14d5c.firebasestorage.app",
  "metageneration": 1,
  "generation": 1762866666510,
  "contentType": "image/webp",
  "storageClass": "STANDARD",
  "contentDisposition": "inline",
  "downloadTokens": [
    "7f22dcde-2b28-42c6-99ba-6faaf2475cc3"
  ],
  "etag": "8SgigYe79m5F/+vkhNggfEeb63M",
  "customMetadata": {},
  "timeCreated": "2025-11-11T13:11:06.510Z",
  "updated": "2025-11-11T13:11:06.510Z",
  "size": 8452,
  "md5Hash": "IaV6CLqrdADzihjoRkJFHw==",
  "crc32c": "2051073048"
}