{
  "name": "CATEGORIES/KI8ZZLPDn04aFXdsdOuk/category",
  "bucket": "e-commerce-14d5c.firebasestorage.app",
  "metageneration": 1,
  "generation": 1762277278963,
  "contentType": "image/webp",
  "storageClass": "STANDARD",
  "contentDisposition": "inline",
  "downloadTokens": [
    "6aeb1452-8756-4afe-b636-54be8a952984"
  ],
  "etag": "O2fs/cKC//Y07Thw88GOCqVDAUo",
  "customMetadata": {},
  "timeCreated": "2025-11-04T17:27:58.963Z",
  "updated": "2025-11-04T17:27:58.963Z",
  "size": 9738,
  "md5Hash": "q8i/bKxHKn+F54mP0y+BZw==",
  "crc32c": "2947989283"
}