{
  "name": "BANNERS/qJ3FaAhsoOphw8x2LcW1",
  "bucket": "e-commerce-14d5c.firebasestorage.app",
  "metageneration": 1,
  "generation": 1763569466154,
  "contentType": "image/webp",
  "storageClass": "STANDARD",
  "contentDisposition": "inline",
  "downloadTokens": [
    "10db71f7-f693-4a69-acd1-59574380d7d4"
  ],
  "etag": "9RjI3lDB2W/rP37fJv+ntdNNy64",
  "customMetadata": {},
  "timeCreated": "2025-11-19T16:24:26.154Z",
  "updated": "2025-11-19T16:24:26.154Z",
  "size": 51388,
  "md5Hash": "WmG33lpwwDEp1bV7CkbBNQ==",
  "crc32c": "221032550"
}