{
  "name": "CATEGORIES/KKcUbAiLHpuIB8QNgpjB/category",
  "bucket": "e-commerce-14d5c.firebasestorage.app",
  "metageneration": 1,
  "generation": 1762866222170,
  "contentType": "image/webp",
  "storageClass": "STANDARD",
  "contentDisposition": "inline",
  "downloadTokens": [
    "ba1587dc-7b09-4ac7-bc9d-fc307efc2119"
  ],
  "etag": "xLRQVQZXst6sLcQhnD7VZJ1bQJw",
  "customMetadata": {},
  "timeCreated": "2025-11-11T13:03:42.170Z",
  "updated": "2025-11-11T13:03:42.170Z",
  "size": 14358,
  "md5Hash": "hpcM0dsiI0wHIlVpYv6dNg==",
  "crc32c": "4240075230"
}