{
  "name": "BANNERS/30pkvXQ6gyz1al8y6coH",
  "bucket": "e-commerce-14d5c.firebasestorage.app",
  "metageneration": 1,
  "generation": 1763620680259,
  "contentType": "image/webp",
  "storageClass": "STANDARD",
  "contentDisposition": "inline",
  "downloadTokens": [
    "7b353d6f-d709-483f-8b8b-019d70814923"
  ],
  "etag": "RU0+DxB6a/76NSbto/LmB5/xfFU",
  "customMetadata": {},
  "timeCreated": "2025-11-20T06:38:00.260Z",
  "updated": "2025-11-20T06:38:00.260Z",
  "size": 53590,
  "md5Hash": "aBFfdrv0orIeUFj7VAf5Ew==",
  "crc32c": "4057312137"
}