{
  "name": "CATEGORIES/GCzHSk3dMTRCtuwfrjNz/category",
  "bucket": "e-commerce-14d5c.firebasestorage.app",
  "metageneration": 1,
  "generation": 1762866515714,
  "contentType": "image/webp",
  "storageClass": "STANDARD",
  "contentDisposition": "inline",
  "downloadTokens": [
    "c19f36b9-ad51-452e-897f-02cd601548c4"
  ],
  "etag": "mlxhHP6TsMtJZnkw8mPPbBNA4iI",
  "customMetadata": {},
  "timeCreated": "2025-11-11T13:08:35.715Z",
  "updated": "2025-11-11T13:08:35.715Z",
  "size": 11094,
  "md5Hash": "pvD+RCOAfcILwkal+4JKbA==",
  "crc32c": "800755231"
}