{
  "name": "CATEGORIES/nivKKyo6dR10Tnrsozot/category",
  "bucket": "e-commerce-14d5c.firebasestorage.app",
  "metageneration": 1,
  "generation": 1762866463528,
  "contentType": "image/webp",
  "storageClass": "STANDARD",
  "contentDisposition": "inline",
  "downloadTokens": [
    "6a011d53-27e0-4433-8ae8-5afd28fed6df"
  ],
  "etag": "/sj+o03/f43j2TEJ+QQMyJfoFa0",
  "customMetadata": {},
  "timeCreated": "2025-11-11T13:07:43.528Z",
  "updated": "2025-11-11T13:07:43.528Z",
  "size": 9738,
  "md5Hash": "q8i/bKxHKn+F54mP0y+BZw==",
  "crc32c": "2947989283"
}